source,target,value
bigdud82,ShaneTaylor83,following
mgome0072,icantsand,following
icantsand,mgome0072,following
SPORTalkCaps,NoVa_Caps,following
TyGuyness,NoVa_Caps,following
NoVa_Caps,TyGuyness,following
BADBIOTCH4YOU,GurganusBrandon,following
ShaneTaylor83,bigdud82,following
liverMan16,onewhohuntssoup,following
rciii1996,onewhohuntssoup,following
onewhohuntssoup,liverMan16,following
rciii1996,liverMan16,following
ThePDCommunity,WimberleyAPA,following
BADBIOTCH4YOU,joshhkidd,following
BADBIOTCH4YOU,BrockwellEllen,following
CrownedOne_24,_MoreBoutNothin,following
PSQRD12,_MoreBoutNothin,following
blohm011,_MoreBoutNothin,following
WimberleyAPA,ThePDCommunity,following
GurganusBrandon,BADBIOTCH4YOU,following
bigdud82,BADBIOTCH4YOU,following
joshhkidd,BADBIOTCH4YOU,following
BrockwellEllen,BADBIOTCH4YOU,following
D_physique,RodneySuccess,following
GonzoOfficialTV,RodneySuccess,following
BrockwellEllen,MarioPalush,following
GonzoOfficialTV,MarioPalush,following
AmBeRLiNa93,amber_992,following
RodneySuccess,D_physique,following
GonzoOfficialTV,D_physique,following
GurganusBrandon,LHatcher94,following
onewhohuntssoup,LHatcher94,following
joshhkidd,LHatcher94,following
BADBIOTCH4YOU,LHatcher94,following
amber_992,LHatcher94,following
onewhohuntssoup,rciii1996,following
liverMan16,rciii1996,following
_MoreBoutNothin,CrownedOne_24,following
PSQRD12,CrownedOne_24,following
blohm011,CrownedOne_24,following
JAGillespie4,JPlu9,following
PSQRD12,JPlu9,following
CrownedOne_24,JAGillespie4,following
JPlu9,JAGillespie4,following
blohm011,JAGillespie4,following
_MoreBoutNothin,PSQRD12,following
Gjonathans,PSQRD12,following
CrownedOne_24,PSQRD12,following
JPlu9,PSQRD12,following
blohm011,PSQRD12,following
_MoreBoutNothin,blohm011,following
CrownedOne_24,blohm011,following
JAGillespie4,blohm011,following
PSQRD12,blohm011,following
capitals_fanly,KevinClemmons,following
itagabriela850,KevinClemmons,following
ShaneTaylor83,KevinClemmons,following
prpl_n_pancakes,KevinClemmons,following
icantsand,KevinClemmons,following
mgome0072,KevinClemmons,following
SPORTalkCaps,KevinClemmons,following
pdavey244,KevinClemmons,following
NoVa_Caps,KevinClemmons,following
tweetbombdotcom,KevinClemmons,following
wedoyouraccount,KevinClemmons,following
AliShamim333,KevinClemmons,following
TyGuyness,KevinClemmons,following
GurganusBrandon,KevinClemmons,following
NikosFotisRnR,KevinClemmons,following
jazznazihitler,KevinClemmons,following
bigdud82,KevinClemmons,following
onewhohuntssoup,KevinClemmons,following
NoahRenn,KevinClemmons,following
tonette_f7b,KevinClemmons,following
liverMan16,KevinClemmons,following
Mc_G_TV,KevinClemmons,following
WimberleyAPA,KevinClemmons,following
joshhkidd,KevinClemmons,following
BrockwellEllen,KevinClemmons,following
StRaphael4,KevinClemmons,following
_MoreBoutNothin,KevinClemmons,following
farmc3,KevinClemmons,following
Eucharistia_,KevinClemmons,following
ThePDCommunity,KevinClemmons,following
BADBIOTCH4YOU,KevinClemmons,following
RodneySuccess,KevinClemmons,following
MarioPalush,KevinClemmons,following
IKMTeckChek,KevinClemmons,following
AmBeRLiNa93,KevinClemmons,following
bea_utyTips,KevinClemmons,following
treyushithead15,KevinClemmons,following
amber_992,KevinClemmons,following
D_physique,KevinClemmons,following
GonzoOfficialTV,KevinClemmons,following
DobieHouson,KevinClemmons,following
OllyTweetz,KevinClemmons,following
LHatcher94,KevinClemmons,following
Gjonathans,KevinClemmons,following
LadyGaaaaaga,KevinClemmons,following
gilman_gal,KevinClemmons,following
WarrenLoveLife,KevinClemmons,following
FatherJay,KevinClemmons,following
rciii1996,KevinClemmons,following
CrownedOne_24,KevinClemmons,following
JPlu9,KevinClemmons,following
itsmeCodyC,KevinClemmons,following
JAGillespie4,KevinClemmons,following
PSQRD12,KevinClemmons,following
blohm011,KevinClemmons,following