source,target
bigdud82,ShaneTaylor83
mgome0072,icantsand
icantsand,mgome0072
SPORTalkCaps,NoVa_Caps
TyGuyness,NoVa_Caps
NoVa_Caps,TyGuyness
BADBIOTCH4YOU,GurganusBrandon
ShaneTaylor83,bigdud82
liverMan16,onewhohuntssoup
rciii1996,onewhohuntssoup
onewhohuntssoup,liverMan16
rciii1996,liverMan16
ThePDCommunity,WimberleyAPA
BADBIOTCH4YOU,joshhkidd
BADBIOTCH4YOU,BrockwellEllen
CrownedOne_24,_MoreBoutNothin
PSQRD12,_MoreBoutNothin
blohm011,_MoreBoutNothin
WimberleyAPA,ThePDCommunity
GurganusBrandon,BADBIOTCH4YOU
bigdud82,BADBIOTCH4YOU
joshhkidd,BADBIOTCH4YOU
BrockwellEllen,BADBIOTCH4YOU
D_physique,RodneySuccess
GonzoOfficialTV,RodneySuccess
BrockwellEllen,MarioPalush
GonzoOfficialTV,MarioPalush
AmBeRLiNa93,amber_992
RodneySuccess,D_physique
GonzoOfficialTV,D_physique
GurganusBrandon,LHatcher94
onewhohuntssoup,LHatcher94
joshhkidd,LHatcher94
BADBIOTCH4YOU,LHatcher94
amber_992,LHatcher94
onewhohuntssoup,rciii1996
liverMan16,rciii1996
_MoreBoutNothin,CrownedOne_24
PSQRD12,CrownedOne_24
blohm011,CrownedOne_24
JAGillespie4,JPlu9
PSQRD12,JPlu9
CrownedOne_24,JAGillespie4
JPlu9,JAGillespie4
blohm011,JAGillespie4
_MoreBoutNothin,PSQRD12
Gjonathans,PSQRD12
CrownedOne_24,PSQRD12
JPlu9,PSQRD12
blohm011,PSQRD12
_MoreBoutNothin,blohm011
CrownedOne_24,blohm011
JAGillespie4,blohm011
PSQRD12,blohm011
capitals_fanly,KevinClemmons
itagabriela850,KevinClemmons
ShaneTaylor83,KevinClemmons
prpl_n_pancakes,KevinClemmons
icantsand,KevinClemmons
mgome0072,KevinClemmons
SPORTalkCaps,KevinClemmons
pdavey244,KevinClemmons
NoVa_Caps,KevinClemmons
tweetbombdotcom,KevinClemmons
wedoyouraccount,KevinClemmons
AliShamim333,KevinClemmons
TyGuyness,KevinClemmons
GurganusBrandon,KevinClemmons
NikosFotisRnR,KevinClemmons
jazznazihitler,KevinClemmons
bigdud82,KevinClemmons
onewhohuntssoup,KevinClemmons
NoahRenn,KevinClemmons
tonette_f7b,KevinClemmons
liverMan16,KevinClemmons
Mc_G_TV,KevinClemmons
WimberleyAPA,KevinClemmons
joshhkidd,KevinClemmons
BrockwellEllen,KevinClemmons
StRaphael4,KevinClemmons
_MoreBoutNothin,KevinClemmons
farmc3,KevinClemmons
Eucharistia_,KevinClemmons
ThePDCommunity,KevinClemmons
BADBIOTCH4YOU,KevinClemmons
RodneySuccess,KevinClemmons
MarioPalush,KevinClemmons
IKMTeckChek,KevinClemmons
AmBeRLiNa93,KevinClemmons
bea_utyTips,KevinClemmons
treyushithead15,KevinClemmons
amber_992,KevinClemmons
D_physique,KevinClemmons
GonzoOfficialTV,KevinClemmons
DobieHouson,KevinClemmons
OllyTweetz,KevinClemmons
LHatcher94,KevinClemmons
Gjonathans,KevinClemmons
LadyGaaaaaga,KevinClemmons
gilman_gal,KevinClemmons
WarrenLoveLife,KevinClemmons
FatherJay,KevinClemmons
rciii1996,KevinClemmons
CrownedOne_24,KevinClemmons
JPlu9,KevinClemmons
itsmeCodyC,KevinClemmons
JAGillespie4,KevinClemmons
PSQRD12,KevinClemmons
blohm011,KevinClemmons